sample_id,student_code,error_message,wrong_output,true_misconception_id,student_level
PILOT-01,"x = 10\nif x = 10:\n    print('correct')","SyntaxError: invalid syntax","(none)",M-01,"CS1-Week2"
PILOT-02,"score = 100\nif score == 100:\n    print('A')\ntarget = 50\nif target = 50:\n    print('half')","SyntaxError: invalid syntax","(none)",M-09,"CS1-Week2"
PILOT-03,"nums = [1, 2, 3]\nfor i in range(1, 3):\n    print(nums[i])","(none)","2\n3",M-02,"CS1-Week3"
PILOT-04,"names = ['Alice', 'Bob']\nprint('Last name:', names[len(names)])","IndexError: list index out of range","(none)",M-02,"CS1-Week3"
PILOT-05,"a = [10, 20]\nb = a\nb.append(30)\nprint('Original a:', a)","(none)","Original a: [10, 20, 30]",M-03,"CS1-Week4"
PILOT-06,"val = 0 or 'hello'\nprint('Result is:', val)","(none)","Result is: hello",M-04,"CS1-Week4"
PILOT-07,"cost = '45' + 5\nprint('Total:', cost)","TypeError: can only concatenate str (not ""int"") to str","(none)",M-05,"CS1-Week1"
PILOT-08,"msg = 'Score: ' + 95\nprint(msg)","TypeError: can only concatenate str (not ""int"") to str","(none)",M-05,"CS1-Week1"
PILOT-09,"count = 0\nwhile count < 5:\n    print('looping')","TimeoutError: Loop limit exceeded","(none)",M-06,"CS1-Week3"
PILOT-10,"if True:\nprint('indented')","IndentationError: expected an indented block","(none)",M-07,"CS1-Week1"
PILOT-11,"def add(a, b):\n    print(a + b)\nres = add(2, 3)\nprint(res * 2)","TypeError: unsupported operand type(s) for *: 'NoneType' and 'int'","5",M-08,"CS1-Week4"
PILOT-12,"def greet(name):\n    print('Hello ' + name)\nx = greet('Sam')\nprint(x)","(none)","Hello Sam\nNone",M-08,"CS1-Week4"
PILOT-13,"pritn('Welcome to Python!')","NameError: name 'pritn' is not defined","(none)",M-09,"CS1-Week1"
PILOT-14,"legnth = len([1, 2, 3, 4])\nprint(legnth)","(none)","4",M-09,"CS1-Week2"
PILOT-15,"items = ['a', 'b', 'c']\n# Trying to access 4th item\nprint(items[3])","IndexError: list index out of range","(none)",M-02,"CS1-Week3"
